Workbook

Sheet Sheet2
A3: 项目名称 | B3: 求和项:合计金额
A4: （Ameco-华北航线）华北航线中心科技 | B4: 422335
A5: 总计 | B5: 422335
A6: 假设产品项目4:6，成本占比情况
A7: 产品 | B7: =GETPIVOTDATA("合计金额",$A$3)*0.4 -> 168934
A8: 项目 | B8: =GETPIVOTDATA("合计金额",$A$3)*0.6 -> 253401

Sheet Sheet1
A1: 部门名称 | B1: 部门编码 | C1: 姓名 | D1: 项目名称 | E1: 合同编号/销售机会编号/项目名称 | F1: 任务名称 | G1: 产品名称 | H1: 投入工时(消耗功工时) | I1: 单价 | J1: 合计金额 | K1: 成本归集
A2: Java组 | B2: Java组 | C2: 刘寿光 | D2: （Ameco-华北航线）华北航线中心科技 | E2: CN012501001 | F2: 现场汇报及需求沟通相关 | G2: （Ameco-华北航线）华北航线中心科技 | H2: 38.5 | I2: =VLOOKUP(C2,[1]人员表!$D:$G,4,FALSE) -> 1800 | J2: =H2/8*I2 -> 8662.5 | K2: 项目
A3: Java组 | B3: Java组 | C3: 刘寿光 | D3: （Ameco-华北航线）华北航线中心科技 | E3: CN012501001 | F3: 【产品】基础功能开发 | G3: （Ameco-华北航线）华北航线中心科技 | H3: 617 | I3: =VLOOKUP(C3,[1]人员表!$D:$G,4,FALSE) -> 1800 | J3: =H3/8*I3 -> 138825 | K3: 产品
A4: Java组 | B4: Java组 | C4: 刘寿光 | D4: （Ameco-华北航线）华北航线中心科技 | E4: CN012501001 | F4: 华北航线技术验证相关 | G4: （Ameco-华北航线）华北航线中心科技 | H4: 51.5 | I4: =VLOOKUP(C4,[1]人员表!$D:$G,4,FALSE) -> 1800 | J4: =H4/8*I4 -> 11587.5 | K4: 产品
A5: Java组 | B5: Java组 | C5: 刘寿光 | D5: （Ameco-华北航线）华北航线中心科技 | E5: CN012501001 | F5: 需求讲解及内部沟通 | G5: （Ameco-华北航线）华北航线中心科技 | H5: 5.5 | I5: =VLOOKUP(C5,[1]人员表!$D:$G,4,FALSE) -> 1800 | J5: =H5/8*I5 -> 1237.5 | K5: 项目
A6: Java组 | B6: Java组 | C6: 刘寿光 | D6: （Ameco-华北航线）华北航线中心科技 | E6: CN012501001 | F6: 需求梳理及研讨 | G6: （Ameco-华北航线）华北航线中心科技 | H6: 51.5 | I6: =VLOOKUP(C6,[1]人员表!$D:$G,4,FALSE) -> 1800 | J6: =H6/8*I6 -> 11587.5 | K6: 项目
A7: Java组 | B7: Java组 | C7: 刘寿光 | D7: （Ameco-华北航线）华北航线中心科技 | E7: CN012501001 | F7: 审结管理-维修执行完成，进入审结管理里中的该条维修详情，无法查看步骤记录，接口报错，如图 | G7: （Ameco-华北航线）华北航线中心科技 | H7: 23 | I7: =VLOOKUP(C7,[1]人员表!$D:$G,4,FALSE) -> 1800 | J7: =H7/8*I7 -> 5175 | K7: 项目
A8: Java组 | B8: Java组 | C8: 刘寿光 | D8: （Ameco-华北航线）华北航线中心科技 | E8: CN012501001 | F8: 项目外包大模型范围说明文档编写 | G8: （Ameco-华北航线）华北航线中心科技 | H8: 8 | I8: =VLOOKUP(C8,[1]人员表!$D:$G,4,FALSE) -> 1800 | J8: =H8/8*I8 -> 1800 | K8: 项目
A9: Java组 | B9: Java组 | C9: 刘寿光 | D9: （Ameco-华北航线）华北航线中心科技 | E9: CN012501001 | F9: 售前技术研究 | G9: （Ameco-华北航线）华北航线中心科技 | H9: 131 | I9: =VLOOKUP(C9,[1]人员表!$D:$G,4,FALSE) -> 1800 | J9: =H9/8*I9 -> 29475 | K9: 项目
A10: Java组 | B10: Java组 | C10: xuyangma | D10: （Ameco-华北航线）华北航线中心科技 | E10: CN012501001 | F10: 需求梳理及研讨 | G10: （Ameco-华北航线）华北航线中心科技 | H10: 1.5 | I10: =VLOOKUP(C10,[1]人员表!$D:$G,4,FALSE) -> 2400 | J10: =H10/8*I10 -> 450 | K10: 项目
A11: Web组 | B11: Web组 | C11: 张晓伟 | D11: （Ameco-华北航线）华北航线中心科技 | E11: CN012501001 | F11: 需求梳理及研讨 | G11: （Ameco-华北航线）华北航线中心科技 | H11: 8 | I11: =VLOOKUP(C11,[1]人员表!$D:$G,4,FALSE) -> 2300 | J11: =H11/8*I11 -> 2300 | K11: 项目
A12: Web组 | B12: Web组 | C12: 袁增丁 | D12: （Ameco-华北航线）华北航线中心科技 | E12: CN012501001 | F12: 华北航线技术验证相关 | G12: （Ameco-华北航线）华北航线中心科技 | H12: 14.5 | I12: =VLOOKUP(C12,[1]人员表!$D:$G,4,FALSE) -> 1200 | J12: =H12/8*I12 -> 2175 | K12: 产品
A13: Web组 | B13: Web组 | C13: 袁增丁 | D13: （Ameco-华北航线）华北航线中心科技 | E13: CN012501001 | F13: 需求讲解及内部沟通 | G13: （Ameco-华北航线）华北航线中心科技 | H13: 1.5 | I13: =VLOOKUP(C13,[1]人员表!$D:$G,4,FALSE) -> 1200 | J13: =H13/8*I13 -> 225 | K13: 项目
... A16: Web组 | B16: Web组 | C16: 袁增丁 | D16: （Ameco-华北航线）华北航线中心科技 | E16: CN012501001 | F16: 需求梳理及研讨 | G16: （Ameco-华北航线）华北航线中心科技 | H16: 2 | I16: =VLOOKUP(C16,[1]人员表!$D:$G,4,FALSE) -> 1200 | J16: =H16/8*I16 -> 300 | K16: 项目
A17: 产品部 | B17: 产品部 | C17: 张千晓 | D17: （Ameco-华北航线）华北航线中心科技 | E17: CN012501001 | G17: （Ameco-华北航线）华北航线中心科技 | H17: 172.5 | I17: =VLOOKUP(C17,[1]人员表!$D:$G,4,FALSE) -> 1200 | J17: =H17/8*I17 -> 25875 | K17: 产品
A18: 产品部 | B18: 产品部 | C18: 张千晓 | D18: （Ameco-华北航线）华北航线中心科技 | E18: CN012501001 | F18: 需求讲解及内部沟通 | G18: （Ameco-华北航线）华北航线中心科技 | H18: 4 | I18: =VLOOKUP(C18,[1]人员表!$D:$G,4,FALSE) -> 1200 | J18: =H18/8*I18 -> 600 | K18: 项目
A19: 产品部 | B19: 产品部 | C19: 张千晓 | D19: （Ameco-华北航线）华北航线中心科技 | E19: CN012501001 | F19: 需求梳理及研讨 | G19: （Ameco-华北航线）华北航线中心科技 | H19: 55 | I19: =VLOOKUP(C19,[1]人员表!$D:$G,4,FALSE) -> 1200 | J19: =H19/8*I19 -> 8250 | K19: 项目
A20: 产品部 | B20: 产品部 | C20: 张千晓 | D20: （Ameco-华北航线）华北航线中心科技 | E20: CN012501001 | G20: （Ameco-华北航线）华北航线中心科技 | H20: 8 | I20: =VLOOKUP(C20,[1]人员表!$D:$G,4,FALSE) -> 1200 | J20: =H20/8*I20 -> 1200 | K20: 产品
A21: 产品部 | B21: 产品部 | C21: 张千晓 | D21: （Ameco-华北航线）华北航线中心科技 | E21: CN012501001 | G21: （Ameco-华北航线）华北航线中心科技 | H21: 4 | I21: =VLOOKUP(C21,[1]人员表!$D:$G,4,FALSE) -> 1200 | J21: =H21/8*I21 -> 600 | K21: 产品
A22: 产品部 | B22: 产品部 | C22: 张千晓 | D22: （Ameco-华北航线）华北航线中心科技 | E22: CN012501001 | G22: （Ameco-华北航线）华北航线中心科技 | H22: 7 | I22: =VLOOKUP(C22,[1]人员表!$D:$G,4,FALSE) -> 1200 | J22: =H22/8*I22 -> 1050 | K22: 产品
A23: 产品部 | B23: 产品部 | C23: 张千晓 | D23: （Ameco-华北航线）华北航线中心科技 | E23: CN012501001 | G23: （Ameco-华北航线）华北航线中心科技 | H23: 4 | I23: =VLOOKUP(C23,[1]人员表!$D:$G,4,FALSE) -> 1200 | J23: =H23/8*I23 -> 600 | K23: 产品
A24: 产品部 | B24: 产品部 | C24: 李玄正 | D24: （Ameco-华北航线）华北航线中心科技 | E24: CN012501001 | F24: 需求梳理及研讨 | G24: （Ameco-华北航线）华北航线中心科技 | H24: 12 | I24: =VLOOKUP(C24,[1]人员表!$D:$G,4,FALSE) -> 2100 | J24: =H24/8*I24 -> 3150 | K24: 产品
A25: 产品部 | B25: 产品部 | C25: 李玄正 | D25: （Ameco-华北航线）华北航线中心科技 | E25: CN012501001 | G25: （Ameco-华北航线）华北航线中心科技 | H25: 30 | I25: =VLOOKUP(C25,[1]人员表!$D:$G,4,FALSE) -> 2100 | J25: =H25/8*I25 -> 7875 | K25: 产品
A26: 产品部 | B26: 产品部 | C26: 李玄正 | D26: （Ameco-华北航线）华北航线中心科技 | E26: CN012501001 | F26: 华北航线-业务梳理-PRD编写-需求设计 | G26: （Ameco-华北航线）华北航线中心科技 | H26: 4 | I26: =VLOOKUP(C26,[1]人员表!$D:$G,4,FALSE) -> 2100 | J26: =H26/8*I26 -> 1050 | K26: 项目
A27: 美术部 | B27: 美术部 | C27: 徐思茂 | D27: （Ameco-华北航线）华北航线中心科技 | E27: CN012501001 | F27: 华北航线-业务梳理-PRD编写-需求设计 | G27: （Ameco-华北航线）华北航线中心科技 | H27: 9 | I27: =VLOOKUP(C27,[1]人员表!$D:$G,4,FALSE) -> 2100 | J27: =H27/8*I27 -> 2362.5 | K27: 项目
A28: 质量保证部 | B28: 质量保证部 | C28: 安付伟 | D28: （Ameco-华北航线）华北航线中心科技 | E28: CN012501001 | F28: 华北航线初版程序测试 | G28: （Ameco-华北航线）华北航线中心科技 | H28: 60.5 | I28: =VLOOKUP(C28,[1]人员表!$D:$G,4,FALSE) -> 800 | J28: =H28/8*I28 -> 6050 | K28: 产品
A29: 质量保证部 | B29: 质量保证部 | C29: 安付伟 | D29: （Ameco-华北航线）华北航线中心科技 | E29: CN012501001 | F29: 需求讲解及内部沟通 | G29: （Ameco-华北航线）华北航线中心科技 | H29: 1.5 | I29: =VLOOKUP(C29,[1]人员表!$D:$G,4,FALSE) -> 800 | J29: =H29/8*I29 -> 150 | K29: 项目
A30: 质量保证部 | B30: 质量保证部 | C30: 安付伟 | D30: （Ameco-华北航线）华北航线中心科技 | E30: CN012501001 | F30: 讨论并梳理项目需求，明确测试边界 | G30: （Ameco-华北航线）华北航线中心科技 | H30: 1 | I30: =VLOOKUP(C30,[1]人员表!$D:$G,4,FALSE) -> 800 | J30: =H30/8*I30 -> 100 | K30: 项目
A31: 质量保证部 | B31: 质量保证部 | C31: 王志国 | D31: （Ameco-华北航线）华北航线中心科技 | E31: CN012501001 | G31: （Ameco-华北航线）华北航线中心科技 | H31: 2 | I31: =VLOOKUP(C31,[1]人员表!$D:$G,4,FALSE) -> 1700 | J31: =H31/8*I31 -> 425 | K31: 项目
A32: 质量保证部 | B32: 质量保证部 | C32: 王志国 | D32: （Ameco-华北航线）华北航线中心科技 | E32: CN012501001 | G32: （Ameco-华北航线）华北航线中心科技 | H32: 1.4 | I32: =VLOOKUP(C32,[1]人员表!$D:$G,4,FALSE) -> 1700 | J32: =H32/8*I32 -> 297.5 | K32: 项目
A33: 运维部 | B33: 运维部 | C33: 杜金辉 | D33: （Ameco-华北航线）华北航线中心科技 | E33: CN012501001 | F33: MAC测试环境部署及相关 | G33: （Ameco-华北航线）华北航线中心科技 | H33: 62 | I33: =VLOOKUP(C33,[1]人员表!$D:$G,4,FALSE) -> 1600 | J33: =H33/8*I33 -> 12400 | K33: 项目
A34: 项目组 | B34: 项目组 | C34: 赵世豪 | D34: （Ameco-华北航线）华北航线中心科技 | E34: CN012501001 | F34: 现场汇报及相关内容 | G34: （Ameco-华北航线）华北航线中心科技 | H34: 67 | I34: =VLOOKUP(C34,[1]人员表!$D:$G,4,FALSE) -> 1800 | J34: =H34/8*I34 -> 15075 | K34: 项目
A35: 项目组 | B35: 项目组 | C35: 赵世豪 | D35: （Ameco-华北航线）华北航线中心科技 | E35: CN012501001 | F35: 售前技术研究 | G35: （Ameco-华北航线）华北航线中心科技 | H35: 1 | I35: =VLOOKUP(C35,[1]人员表!$D:$G,4,FALSE) -> 1800 | J35: =H35/8*I35 -> 225 | K35: 项目
A36: 项目组 | B36: 项目组 | C36: 赵世豪 | D36: （Ameco-华北航线）华北航线中心科技 | E36: CN012501001 | F36: 售前项目评审及外包巡检相关 | G36: （Ameco-华北航线）华北航线中心科技 | H36: 32 | I36: =VLOOKUP(C36,[1]人员表!$D:$G,4,FALSE) -> 1800 | J36: =H36/8*I36 -> 7200 | K36: 项目
A37: 项目组 | B37: 项目组 | C37: 赵世豪 | D37: （Ameco-华北航线）华北航线中心科技 | E37: CN012501001 | F37: 需求梳理及研讨 | G37: （Ameco-华北航线）华北航线中心科技 | H37: 24.5 | I37: =VLOOKUP(C37,[1]人员表!$D:$G,4,FALSE) -> 1800 | J37: =H37/8*I37 -> 5512.5 | K37: 项目
A38: 项目组 | B38: 项目组 | C38: 赵世豪 | D38: （Ameco-华北航线）华北航线中心科技 | E38: CN012501001 | F38: 项目内外部启动及相关 | G38: （Ameco-华北航线）华北航线中心科技 | H38: 60 | I38: =VLOOKUP(C38,[1]人员表!$D:$G,4,FALSE) -> 1800 | J38: =H38/8*I38 -> 13500 | K38: 项目
A39: 项目组 | B39: 项目组 | C39: 赵世豪 | D39: （Ameco-华北航线）华北航线中心科技 | E39: CN012501001 | F39: 需求讲解及内部沟通 | G39: （Ameco-华北航线）华北航线中心科技 | H39: 2.5 | I39: =VLOOKUP(C39,[1]人员表!$D:$G,4,FALSE) -> 1800 | J39: =H39/8*I39 -> 562.5 | K39: 项目
A40: 项目组 | B40: 项目组 | C40: 赵世豪 | D40: （Ameco-华北航线）华北航线中心科技 | E40: CN012501001 | F40: 合同相关 | G40: （Ameco-华北航线）华北航线中心科技 | H40: 4 | I40: =VLOOKUP(C40,[1]人员表!$D:$G,4,FALSE) -> 1800 | J40: =H40/8*I40 -> 900 | K40: 项目
A41: 项目组 | B41: 项目组 | C41: 赵世豪 | D41: （Ameco-华北航线）华北航线中心科技 | E41: CN012501001 | F41: 私有化部署及相关 | G41: （Ameco-华北航线）华北航线中心科技 | H41: 10 | I41: =VLOOKUP(C41,[1]人员表!$D:$G,4,FALSE) -> 1800 | J41: =H41/8*I41 -> 2250 | K41: 项目
A42: 项目组 | B42: 项目组 | C42: 赵世豪 | D42: （Ameco-华北航线）华北航线中心科技 | E42: CN012501001 | F42: 跟进项目进度 | G42: （Ameco-华北航线）华北航线中心科技 | H42: 4 | I42: =VLOOKUP(C42,[1]人员表!$D:$G,4,FALSE) -> 1800 | J42: =H42/8*I42 -> 900 | K42: 项目
